40f0b86d-4eed-4c7e-8eb8-c0c20ad4eb90_Front.png, 0.995799113514
416213c6-df46-47ee-82ca-ca0f3b684706_Front.png, 0.995737734965
5279ef57-5db0-41e3-aa09-b4f0ebe3f694_Front.png, 0.995491991732
0b9650fc-5bc6-4ea1-a033-8653f515624f_Front.png, 0.995409181074
1e7a39e3-4c86-402e-a963-b17083d7ddb7_Front.png, 0.995355590378
586eb03a-94ff-4e61-be8c-ddd1b708203a_Front.png, 0.99534379063
1550f678-225d-4b02-9c51-e14d0bd51606_Front.png, 0.995186166969
5b2f6390-fdca-4867-89d1-3137c31c999d_Front.png, 0.995185693613
4cbc3302-3033-406d-ae5e-57a8cdd2e56e_Front.png, 0.995175048465
42dfa678-a2ff-4095-a674-c714180ac908_Front.png, 0.995158198026
1785e554-2454-4d51-8d48-46b515e8e661_Front.png, 0.995128576068
4a19ab86-1b9d-482e-991f-71f6005f17f9_Front.png, 0.99510730902
5d9e16a3-8af0-4e63-86af-12256a3f5810_Front.png, 0.995087341492
2458bab4-0a4d-4641-b4e3-01711ae9b722_Front.png, 0.995076921937
470a0636-6577-4618-a66e-6a8195f094c6_Front.png, 0.995071041929
2def28e6-2036-43d9-8655-2264046df6fa_Front.png, 0.995069181551
0a254395-afb0-4150-8a03-091469a117cf_Front.png, 0.995066011938
2d2c1d5b-2d6d-4eeb-961d-e4e68dc8d8fe_Front.png, 0.995041986397
1cb294f0-0c4a-4db6-a658-c22551e92dc0_Front.png, 0.995031814364
17cb6f67-3d96-416d-89ca-2b18f1e6bedb_Front.png, 0.995028538032
33186dc6-4715-4cb4-b875-12e4bfdd8205_Front.png, 0.99497282652
258695f4-012f-4626-a360-f088799d77c0_Front.png, 0.994904271665
34c2e12f-bcaa-4944-b25f-aa4cc00bd467_Front.png, 0.994899806642
1cf76725-0fde-4535-920b-49a433089baa_Front.png, 0.994861253854
419551f7-689c-4482-810f-44c5db3452f6_Front.png, 0.994850378271
4aae638d-3022-4de7-b8d6-d43ecf57d488_Front.png, 0.994832973597
1927bad0-747f-41c3-91d8-ca3fe1223228_Front.png, 0.994777701565
27050cf8-661b-4b00-95af-760d15c3f0cd_Front.png, 0.994745815143
42f0278a-f4e1-4f67-a48e-e94276f089f8_Front.png, 0.994744998427
3a4793ef-eb2f-420e-9654-31aea1289825_Front.png, 0.99469139341
00f6a9ac-8a1d-4600-aaf1-2ca19d2da26a_Front.png, 0.994650625073
1fe44001-a106-4578-9634-66a2e3e55a9e_Front.png, 0.99462934522
16c932a0-307d-46c0-aa72-bfe7b8c97b5d_Front.png, 0.994625002236
2d283f73-f47b-4b41-a601-241ea70fc157_Front.png, 0.994596838012
4f711431-8fbb-4ae6-9c64-71ca4063a6dc_Front.png, 0.994590684446
48187a1b-9223-4ff5-ab54-04e49d86e6b8_Front.png, 0.994509260387
443137c1-e50a-4169-b6e8-a8578f45dc56_Front.png, 0.994497350625
010128da-0eb1-4298-93ae-e4c61594677c_Front.png, 0.994440929224
36c9a51b-bb27-4ac7-94fd-ef0d6b064df7_Front.png, 0.99443329592
468668cc-bede-45fb-af0f-5980d3b5f048_Front.png, 0.994426392535
3259b639-4c1f-4346-9ee8-7ab8d2709878_Front.png, 0.994420926504
2ea9e7a0-ad12-41ed-a207-73bfae8e4f0e_Front.png, 0.994420452669
3b6f032d-36a6-496c-aba8-0506ff4ec422_Front.png, 0.994416579263
3a37eb23-38b9-43fd-9bf3-6a0283645fa3_Front.png, 0.994406323764
121231b0-5949-4f97-866e-ef9d711245d4_Front.png, 0.994358670982
266e9ae5-19f1-4ca0-9d5d-3b24309c4cec_Front.png, 0.994340702431
51f729ca-072b-4cf5-a924-1c5ea7789cf9_Front.png, 0.99431768223
506a1383-d1cf-4810-b30a-2d57c4f62737_Front.png, 0.994315405252
0f52f988-810f-4405-a11c-dc87e9fcc881_Front.png, 0.994306394204
2cacf9de-7ed4-463f-8344-422090009ade_Front.png, 0.994282695833
12d13b10-1850-47be-8721-6955907332b2_Front.png, 0.994246851585
38d27115-ba5c-4cc7-9b96-ae4a2bef0a9f_Front.png, 0.994239745754
512a1b9f-4d74-479b-a1e1-3d9def05d2aa_Front.png, 0.99422310757
29e1a28b-433f-453f-8857-116572f35dc7_Front.png, 0.994214342115
4a42baf2-5180-424b-9d1d-6497fa835d58_Front.png, 0.994185013598
36a4a709-e0cb-4b8e-9abf-dfb4bc941068_Front.png, 0.994178548491
4053d5c1-a33e-4bb1-9372-d208c0dc072f_Front.png, 0.994163964313
1d8f1dcf-fc0d-4a5e-9a5a-2a542f107af6_Front.png, 0.994133952512
0d160c1c-6c29-4012-abfc-0cd1b464d0dc_Front.png, 0.994128002217
5752d9de-078c-4dc7-b8bc-bff6af89621e_Front.png, 0.994055429703
38bc0add-4cd3-4c45-a47e-402448abf681_Front.png, 0.994029996449
1ba1a9d1-3922-4560-8c8d-b282ab567499_Front.png, 0.994029822048
3691d85e-8b30-4b94-9a7c-60fd26a3d66d_Front.png, 0.993998751079
18ecf029-a684-4388-aa86-628eb61df531_Front.png, 0.993992807091
0a211a1e-b85f-4947-ba19-ec6b190b9f3a_Front.png, 0.993961953673
083f3a67-753f-4fa3-8dd3-b3f9b02ac079_Front.png, 0.993958446532
0976e902-40fb-4270-80c9-483de74d3021_Front.png, 0.993929699894
4b3e935b-a3c5-463f-a667-4aba387a5507_Front.png, 0.993908285124
17e63363-de05-4efc-a7b4-32a061c3e1b6_Front.png, 0.993903563544
00f4834e-373a-41cd-80d8-02616fe764bb_Front.png, 0.993899518667
09c3c2da-a379-44ce-83cd-6e239c65f37b_Front.png, 0.993890106408
39b79182-df14-487d-b0ac-9900ba82b8a7_Front.png, 0.993865388428
269e07e7-0075-4020-b03d-80d24aad43e6_Front.png, 0.993818037346
191a77eb-2275-4dd5-8e92-5ce7c759938a_Front.png, 0.993814332168
1760bcc5-0d2e-4a04-90e4-1ebac71464ce_Front.png, 0.993788490477
070a4c41-5355-42af-b96b-d7d3d1d2e842_Front.png, 0.993785373432
0d4e226f-33a4-4dac-b5a3-7d039d8560bb_Front.png, 0.993774901966
4df469fd-ff51-44fd-aab3-6aef565d4b12_Front.png, 0.993771638648
2ebccf4b-9212-4062-9d5e-ac18c3c8a57d_Front.png, 0.993768633085
519767ae-13c1-43e5-93a0-456f10912be5_Front.png, 0.993753154559
26aec4f3-9556-4728-8a02-b1c370973102_Front.png, 0.993749057974
5bb4994e-468f-402d-b19b-4240483bfb53_Front.png, 0.993731222556
04db2e58-83eb-41a0-8505-5907c114a79d_Front.png, 0.993730910702
385b70cc-fdb3-4983-8988-d4c1fa4e0a32_Front.png, 0.99372372488
251cdeb0-6394-4c7f-ab0e-02c02ce38aeb_Front.png, 0.993713232966
42ed03c9-2441-4848-a5fc-1fe141ebddaa_Front.png, 0.993712933535
0e4ab1e5-b92a-4e93-bf5e-6cd95a1fc59a_Front.png, 0.993712553433
37c92d31-066c-4511-869c-66ed8d73eaa5_Front.png, 0.993703623577
28195bf7-b638-45f8-bf84-1ef2697d68ad_Front.png, 0.99369015165
5a9018d4-5b9d-4c44-a6cf-4248d7de38af_Front.png, 0.993653469914
28e8c296-0b2f-4f7a-afa1-d8a35d794b41_Front.png, 0.99364206651
09c185e8-28e6-4ee5-8a76-2045c3f5a72e_Front.png, 0.993640449438
4b89b603-5920-47bc-aa3d-de70244cf508_Front.png, 0.993615913637
0055dc41-cc2a-4572-8864-f1136c55de77_Front.png, 0.993613525097
3127dc78-9bfb-41d6-9d00-b58a6bd31a03_Front.png, 0.993597616745
2d8b6432-b9a4-4d0e-a42f-ca9b3673e98d_Front.png, 0.993597060158
4eb27c4a-a62e-4908-bc62-16ec17acd645_Front.png, 0.993584360619
1d9cf17c-0d0f-4e4d-9f74-30915332a96d_Front.png, 0.993540220595
277bab65-f1fa-49b9-bdfb-0454f000ffaf_Front.png, 0.993511506354
0cb343ea-99a7-4e17-8f39-3eea17771ebf_Front.png, 0.993488183614
213e73ab-6f0a-44ce-8604-5678899ea3dd_Front.png, 0.993482890339
4ae4d491-b448-4dc2-8b1c-4285319f8f33_Front.png, 0.993450537709
27ee2a82-ca48-4f09-8bce-ad53472a5151_Front.png, 0.993448181501
15c87507-b439-4dc2-a0c3-83b389340756_Front.png, 0.9934440281
0b4cd9bd-087d-4205-8547-70b0cc41679b_Front.png, 0.993436207366
407450c2-460d-48eb-b17b-71128839a3de_Front.png, 0.993426385453
0aa01961-97d1-4145-81e1-51d95ee30eb8_Front.png, 0.993382030775
09fdd41c-2f2a-47f4-a8a4-437430ac1ba2_Front.png, 0.99337667287
1e0aea1f-d8fd-4d9b-9f0d-ccd618f6ca1b_Front.png, 0.993374439187
5cb2a41e-a47f-43bf-9726-371619ba8cc6_Front.png, 0.993363940851
38b3cad3-5a59-4ddb-aa6e-3aa98cf5b345_Front.png, 0.993360928805
184baac6-7fb8-43d2-a070-0e37050017d0_Front.png, 0.993357711336
0d902f1f-a5d7-447d-ba2a-0e33a9bb7c96_Front.png, 0.993353976931
25871fdb-c675-4e4a-bb63-264a198b8128_Front.png, 0.993350960184
31763870-5365-42d5-a9b8-0cd0c199d76c_Front.png, 0.993349047924
38492142-6ff5-4b51-b2a3-c10bc9d44658_Front.png, 0.993344287279
4c570db3-a9b4-42b3-a68d-bd1be0d7aa0e_Front.png, 0.993329921339
5dcda249-1440-4907-a48b-2e91fefe14b4_Front.png, 0.993313714339
1f48b205-cc77-46b2-be84-c1c5eb66286e_Front.png, 0.993309535891
2a9d0eb3-ec7e-4d8b-b146-38a57d25bb87_Front.png, 0.99329857777
4d2c241f-f0e7-4a1a-acea-183fd00177fe_Front.png, 0.993296819645
50cf0563-3ab1-47aa-88cd-ed407f6053d1_Front.png, 0.993256808366
492f7c42-60dd-4915-9e14-db90e34495a4_Front.png, 0.993251727171
364855db-9937-4d13-bf2e-82672eff42db_Front.png, 0.993250390266
1ad6c3bb-4e56-4718-ba26-87bfa789ee30_Front.png, 0.99324906511
1a8b0b0b-0366-4515-99bb-f5803187c64f_Front.png, 0.993239920673
3f01a7de-2488-4edd-9c4a-3e34bc2d9920_Front.png, 0.993238085831
3d7db003-070e-4c25-9d3a-51149e81b8cd_Front.png, 0.993232471332
56fd8ca7-163c-4582-906b-51a7e7be486a_Front.png, 0.99322059667
59026021-558f-4bc7-8389-b4bc3a43f64e_Front.png, 0.993212982839
2d4e6328-1834-4c65-bc01-d8421acf170e_Front.png, 0.993212512313
3e7b9c82-441e-4653-9bcb-c84852822425_Front.png, 0.993204994214
00f6fb5d-d2f8-451b-9001-d83e5f7bb642_Front.png, 0.993199908803
17f494b1-1a91-4d56-8862-85c922869c48_Front.png, 0.993193383234
48be70db-4c15-45cf-b10f-67055d303bed_Front.png, 0.993184959558
515a3a7b-ecc0-483c-8e14-e4510b8479eb_Front.png, 0.993182013732
03f024fe-3491-444d-a9df-6a9b08094652_Front.png, 0.993180037786
057848e8-61a7-4156-b4bd-61dc6962e7ab_Front.png, 0.993177092796
4abc9847-c93c-4221-973f-e220be3b4bab_Front.png, 0.993172510705
45fa7f28-55b5-45cd-9658-73d059a1da6a_Front.png, 0.993169625116
33e5fe0b-efd3-4395-9c16-a2286f4f43ed_Front.png, 0.993168089845
382b65f5-fe0b-4272-bd07-0997c7771751_Front.png, 0.993163917373
06981379-6c24-4968-92a5-5b99c68ef6d1_Front.png, 0.9931541891
06ce7bc1-f0dc-4767-834d-57d211062fd2_Front.png, 0.993152528942
237f48cd-4e23-4e98-81aa-69b389b2ece5_Front.png, 0.993147357463
3d70b5cd-567b-4c8e-b461-8049203874f5_Front.png, 0.993141009662
2f7cfe36-8c6e-4707-95c4-2a020af2f2ad_Front.png, 0.993134426749
1312a47a-b583-43a0-87a5-331cfd210b1e_Front.png, 0.993133936108
2dc9b32b-9381-4338-8baa-6f267e09f3eb_Front.png, 0.993129459867
49f2c071-5202-4366-98bc-865799059f5e_Front.png, 0.993128309812
0b1883be-9d29-4242-b6cd-6757805fd649_Front.png, 0.993111728071
49c261a3-dfb9-4eaf-9687-b4a8af3f433e_Front.png, 0.993110006895
319f9048-7799-4a83-a925-f802e7eb03f9_Front.png, 0.993108726373
3952f722-2ad6-4110-b4df-4135d34b47af_Front.png, 0.99310262518
0df39a98-c8dd-47ee-8608-9e877f9ec6ed_Front.png, 0.993101821429
0433165e-9370-4dc3-ab2e-b1e7c8439f1d_Front.png, 0.993082614706
4491ee69-27c5-42bb-930c-d4ba8c7c9352_Front.png, 0.993080045246
36533b99-b2ac-450a-85b5-a4bb46f1c977_Front.png, 0.99306104756
2c2f222c-75d3-4b75-9093-6ac20c7274c5_Front.png, 0.993044353172
4f21a3fc-d7ff-45a6-a66f-c1021a32a4cf_Front.png, 0.993042707505
1ba0e7b1-3ec2-4526-8ee0-9ca08438e847_Front.png, 0.993012358844
1b974739-6cfd-43a0-b1d7-c4d93d63eae7_Front.png, 0.993011882223
1dad4cb5-e18d-4d88-819c-da33810f0a6b_Front.png, 0.992995861191
4001181d-4678-43c1-8d62-445454310f39_Front.png, 0.992976981547
492380ee-ae58-43f0-a1b8-04e3d50afb74_Front.png, 0.992968554178
1390c1ea-9eac-4945-9935-4e841ae73a60_Front.png, 0.992968173717
5fbe18b4-26d5-4566-ab49-7c69160c68e1_Front.png, 0.992967966565
18c301d2-9de9-4ba9-a8ef-6f4d8af68f14_Front.png, 0.992945206146
4ecbb1d9-443a-49a5-97d9-74f12d18086a_Front.png, 0.99294500456
0ea1f9d9-be93-4e1c-9a78-d3bfe14716f5_Front.png, 0.992940387867
131368a8-722c-40e4-8039-91cf4a9e9e23_Front.png, 0.992939754118
1e4449e1-b482-4f1b-9067-95bf85b60c0e_Front.png, 0.992937687776
2c3df1d1-1a93-4294-b47c-28e795d43ece_Front.png, 0.992904689229
451260a5-c294-4ab2-ba4c-f0e0247af52d_Front.png, 0.992903152981
04fde7d1-1617-42af-a19b-9e8263373a0b_Front.png, 0.992897051538
5e29ec5b-7677-466e-9420-afe132bc43e2_Front.png, 0.992884197627
2da9dec8-dcbc-4ec4-994b-d765770c7a48_Front.png, 0.9928822119
52313ae7-afdb-4273-beb8-55e8d63993aa_Front.png, 0.992876132382
39ec38cf-b965-4e27-a6e2-ad2cffa02ec7_Front.png, 0.992871181357
1bab8c19-6d29-45ec-9030-745e0f9ad54f_Front.png, 0.992854839192
1abc236d-fab9-426d-b293-9db1f54a025b_Front.png, 0.992816298382
099581a9-3acd-47d7-9e1e-55fd0a65435a_Front.png, 0.992814686034
51a4bb4e-bdc6-4a13-930f-51a395af29f5_Front.png, 0.992812772899
53155a25-0994-4ed2-a54b-63c01e4f0d6e_Front.png, 0.992800857637
5e579ae1-4d59-4d4b-87ef-fd61c8f4196f_Front.png, 0.992793010691
2104dcb1-2492-4cf3-82ce-0dbf02914be6_Front.png, 0.992780795743
3ca38a25-90d8-4473-9316-3e6492399267_Front.png, 0.992778747519
02d40fc1-5a2e-42a4-b95b-7a04f9025eef_Front.png, 0.99277339613
26f06cfa-41e1-4c07-9edf-efee6946005f_Front.png, 0.992762018059
1fc7597e-d24b-4461-a3c9-790b3cc3bb2a_Front.png, 0.992755511232
2143e823-d371-45de-a219-b018d23c04b0_Front.png, 0.99274990998
49e161a7-3a14-4c27-9ebc-ec539b164650_Front.png, 0.992749084937
21710cee-fc0d-40e0-a7ac-4ad0e6f20210_Front.png, 0.992733787886
20d6505a-645c-4904-92c4-0507b6e67eef_Front.png, 0.992724844231
191b1d40-7cc1-470c-a5b2-e2934d8dbd08_Front.png, 0.992708687125
2b97bc19-0c83-4759-9a39-dd117d48f387_Front.png, 0.992705435022
306a9923-7ae9-4eb2-98fd-44e22c068e12_Front.png, 0.99270395267
4fdb5e88-f00b-449c-a4cd-2fb926a7a840_Front.png, 0.992688302366
4066f99e-fb9a-4247-b539-07d21cd38e71_Front.png, 0.992686299315
2c995ec9-3ed6-4881-95dd-6cc9ef25c21c_Front.png, 0.992685186171
2bb1d50d-b54b-4c76-8747-e7ede6ebeb7e_Front.png, 0.992670992101
31b30601-ed9e-4e85-9985-5607d9a37f6c_Front.png, 0.992657119032
23125132-5e33-4c61-b3c7-b176ec685d5e_Front.png, 0.992657093513
37fe43e9-a81f-4df6-9f26-35072aa0e5ae_Front.png, 0.9926552803
397dd0ac-137d-449f-9830-bc047f0b4ebe_Front.png, 0.99265328557
0e56b7b5-64f4-4444-b126-d37a79b50e42_Front.png, 0.992652758586
4c6cbdb7-2496-4e91-a54e-59e732eeb5ea_Front.png, 0.992647280944
4b80e53e-8d0d-43d3-86c6-6571fcbaa0a1_Front.png, 0.992618366163
274e1218-85b3-407e-9b6e-95816ba58514_Front.png, 0.992608541955
0685dafb-2751-46ec-aa9a-18560dbabc0b_Front.png, 0.992602182356
418c4f37-e544-4267-9428-be615127d524_Front.png, 0.992587390263
2b5642f1-aa25-4462-a471-d293cc96d85b_Front.png, 0.992573775999
3b25203c-0ede-4ffb-8d64-845057bed121_Front.png, 0.992572297022
447140ab-1210-4777-a32c-4ac18c27c690_Front.png, 0.992555550314
0460415d-4b43-4d14-bd4f-6639d720ad2d_Front.png, 0.992532942899
58fcb586-b027-40eb-924c-c9bb4cdbe708_Front.png, 0.992528766664
594aaaea-0204-4260-8750-6efb8e46985c_Front.png, 0.992520734597
2c0aa762-4519-4cb0-99fc-315dac9ce7f3_Front.png, 0.992517418819
46b5e776-fff6-44db-8f6b-39895440ff76_Front.png, 0.992508781915
0e1436de-44f2-42aa-8b9c-58a9a8c059f7_Front.png, 0.992502353845
1eb8b20c-589d-45d8-9b25-d6d9041e1944_Front.png, 0.992497888683
5ca51e50-ba50-45ff-9f8b-1ab4a506a181_Front.png, 0.992485803685
3f8aa3e7-749c-494b-adc7-4faecf2bb9ad_Front.png, 0.992478029261
32d4bc13-e3a1-4ed0-9430-7e75bcb879c7_Front.png, 0.992454826105
48668371-e166-47f2-8795-48e34f4f9468_Front.png, 0.992448748735
0bbddffb-6892-4798-a94c-5e14def937e1_Front.png, 0.992431325641
423631ef-3d71-496b-8a71-c1c093b369a8_Front.png, 0.992419222885
199b530c-95ed-4e75-8224-fc59f908daf8_Front.png, 0.992408646423
30b68f1f-8990-4369-855b-a27e28e453ac_Front.png, 0.992402403211
0a93d055-19c3-4428-81f2-066f9c0af29f_Front.png, 0.992394225435
1e588b9e-1eaa-4514-b701-7ed6fcf31051_Front.png, 0.99236212131
2bb055c5-c475-4d8b-80f8-3765dffb55d2_Front.png, 0.992356412217
203f7001-8235-4f93-9a9c-5f51015f8535_Front.png, 0.992329971328
0da8f1ff-6f87-436a-ad3c-3e1877ed14a5_Front.png, 0.992262775738
2f924160-29bf-479e-9cae-32107b3f9876_Front.png, 0.992260964577
6090d7da-d64d-484b-8020-b507496cf988_Front.png, 0.992239376683
06586e17-16be-4b6f-82c2-66c6e44cd988_Front.png, 0.992228677895
40d2b57d-4827-4c19-a379-7544e05aa9d0_Front.png, 0.992225894525
2928b31a-e8bf-486e-908d-1cbccc24513b_Front.png, 0.992220451454
522c115f-2e11-4a8b-9cab-f5e5553b7865_Front.png, 0.992206602281
2d7c4516-3412-484d-9e43-80710cb22cda_Front.png, 0.992196178236
15d4679e-47d3-4b96-847d-f93882535970_Front.png, 0.992192140766
50c532f8-6e5a-4608-948c-eb19dd075722_Front.png, 0.992185276799
61354415-89f9-4ced-acd5-b9e9a5ff7881_Front.png, 0.992150017135
2879c5af-66f4-4ed0-b155-ad21447e3143_Front.png, 0.992131166304
53c8999b-edef-4dd3-b76d-fab3bf619a5d_Front.png, 0.992119309262
5534e33c-4f01-4edf-8239-4736df799d52_Front.png, 0.992113822346
13898f7d-f8f6-4a51-84e0-6291e5d69a1c_Front.png, 0.99209379329
2b7d1432-5dcd-4c2e-815b-7b3e198c49b8_Front.png, 0.992055374101
5ffed7ea-a6b6-4828-b8cc-c97969db212e_Front.png, 0.992022041738
2c64155f-da08-42d1-bf19-bd0ceb5efb9a_Front.png, 0.99200909723
290b2714-fc6c-40fc-b558-36198af891cd_Front.png, 0.991992810422
07180d07-5c90-4327-b082-d992c1dfd725_Front.png, 0.991990255915
0c15517f-b98b-4d73-a25e-65803b3f41bd_Front.png, 0.991985738939
5ae92ce4-3063-49d6-a103-03bd5b93185c_Front.png, 0.991967844447
61a11f59-bb4d-4326-945f-788dd7f06280_Front.png, 0.991945043024
193a8740-5bc3-4094-9fc2-d4f3d63418a3_Front.png, 0.99193336013
5b3d962d-a0bf-421c-a80b-d0bf2ba6fd64_Front.png, 0.991916671188
30dab342-aaa0-490c-9997-3a017c4bc57a_Front.png, 0.991910709958
032c9417-23f0-4f25-bf3c-a5e40aa313ba_Front.png, 0.991883664068
10daebd8-9533-4c0c-aeb2-237c655b28c1_Front.png, 0.991881438734
42ad88bf-cb32-45d9-b61f-e10372f0d3ce_Front.png, 0.99188140998
0b0503d4-dace-4c63-960b-258a0b3da04d_Front.png, 0.991870038386
1c5bc753-05cd-44b0-aea6-689e59f05da3_Front.png, 0.991853082684
1fed2007-36db-4357-af2a-ade819991bdd_Front.png, 0.991842473243
5dab79f2-3c0f-4323-b6fd-a4e2fa798811_Front.png, 0.991838075667
60a838af-b46b-4d20-962d-ffeb7939b7b0_Front.png, 0.991825881426
40f0b0ba-9684-4b0e-bc89-08574a2beb87_Front.png, 0.991795211648
57b5c0e7-ac33-489d-b83e-3664b5f4a71c_Front.png, 0.991767337429
111cfd22-1f43-41d7-b547-8d355c1592e1_Front.png, 0.991712278562
46b98564-5020-4c97-be6d-0f645bf21b13_Front.png, 0.991711656908
3548f0de-fafa-415b-8ad3-46ec04cb1b6d_Front.png, 0.991655893026
0b015aa3-edeb-4319-bb67-73225037a781_Front.png, 0.991653092934
3154f052-90f2-4fd5-a584-7645033b4031_Front.png, 0.991649635036
1e826180-6517-4746-9d6f-4381b495911e_Front.png, 0.991635836672
10bdb449-4a4c-4ad0-94e0-8049a5bd2806_Front.png, 0.9915976751
01bd6bd7-2b81-4eee-8bce-38f7952841de_Front.png, 0.991582045933
33226a4d-096f-44ed-90c2-dd00e4639cdb_Front.png, 0.991563833259
0813da1a-d66b-4599-b6b7-ccd7c6863d1d_Front.png, 0.991558201761
287c9f1c-4d0e-41aa-b345-ba1284d36c09_Front.png, 0.991517993611
267c4d2a-f5df-4049-98a2-5adc7e865ea3_Front.png, 0.991511869191
03557ad1-5a0c-4bf8-8d9f-b2488fdb293e_Front.png, 0.991492454363
60348705-ab6f-4e03-b0be-a35de1979c80_Front.png, 0.991478640683
50ef8510-28a3-48e9-8402-f04f98cbcefc_Front.png, 0.991475887744
5d35c595-e43b-4e9f-83c8-82dce2a26242_Front.png, 0.991471741973
4d29df3c-c4bf-496c-aae2-e553d22f38af_Front.png, 0.991462634924
092d903b-9c5a-4ba5-885b-ca6bec161f5d_Front.png, 0.99144743182
5c049a48-b74c-4176-999a-03604e47db98_Front.png, 0.991358243664
446fd13c-1da2-4ac6-8a8a-789145f40073_Front.png, 0.991354619359
5a642944-e714-4767-ada5-80f97693b923_Front.png, 0.991350842363
02f025ea-59c9-4d5a-b44a-a47491fcfd6e_Front.png, 0.991328690427
6195deb1-49b1-46ce-80d6-3fee926ad1b6_Front.png, 0.991325791966
217777ed-1902-4af6-b053-a9a90f176664_Front.png, 0.991223621355
2ce37338-154b-407f-80e4-15f9496ca41c_Front.png, 0.991204111681
5188bf74-8bf3-4dbf-9d43-3e6d78e774be_Front.png, 0.991162230022
30885ca7-e330-4e82-b0d7-7ff4c2a92be9_Front.png, 0.991147231954
445d1dde-93d3-438b-871a-73eb97128ca8_Front.png, 0.991133292284
15026abe-8192-4b56-bee7-db28d91f4c1d_Front.png, 0.991129072274
21356db0-5cb8-405b-830f-6f37324ac3f1_Front.png, 0.991075465861
471dc487-1500-4f11-ab35-fc98403dbfe6_Front.png, 0.991040995362
3158367e-88c0-4874-891f-e546ec855619_Front.png, 0.990990184404
01a852c3-ac62-49bb-9593-ed77f15620a0_Front.png, 0.990967459261
453832a8-2bfe-43af-9a62-a4ece9c23f10_Front.png, 0.990954734344
58103545-aa97-48d7-a8bd-b2fb70b4856e_Front.png, 0.990949322259
43c230ef-d5e6-4c1a-9e4c-bc58e8593c63_Front.png, 0.990943758055
2569dea4-0263-4901-90e4-6416c031b8ae_Front.png, 0.990942700918
60ed9913-09df-4669-89a0-e2e05637b285_Front.png, 0.990854846931
3e804613-4428-4757-adc4-121d90b85652_Front.png, 0.990817452533
50434698-6a0b-4e66-9db7-2ec519e2fe3b_Front.png, 0.990810443196
02e7c938-d074-46d1-896c-5ba4cdd388e5_Front.png, 0.990804130389
4170f462-606b-4419-87c0-d103f2ee1399_Front.png, 0.990771195913
46846a0c-c235-4794-b2a1-40b288b5ca60_Front.png, 0.990700704369
58328576-9c6e-499d-a2b6-19b64b7a0f77_Front.png, 0.990674158694
611184a8-c7bc-4116-9269-ca891b4423ee_Front.png, 0.990642255887
3ec5e4f6-80ca-4411-8322-3efc9df0aa62_Front.png, 0.990598344601
56656c22-2855-4c0f-ab90-d2a8ed967b05_Front.png, 0.990483091584
2791f057-34a6-45fd-9b70-82f49b9cef2f_Front.png, 0.990467679476
4c741f48-3d4d-49c3-b32f-b137e6ee8997_Front.png, 0.990410522084
5f678025-6171-4ef6-b3f2-704105fa72a2_Front.png, 0.990392020706
2f720448-f969-4915-93b8-ca0fc610372b_Front.png, 0.990327342008
2e81f445-15e8-4d70-8b9d-17cf8949b49f_Front.png, 0.990307636828
2b970079-d904-4e20-b15d-93e9a066aa3f_Front.png, 0.990143504743
465e7e45-c1e0-482c-853f-91e9ada4b323_Front.png, 0.990048942724
5e0185ed-eb9f-4f35-be78-507f41abbe79_Front.png, 0.989991520262
569683bd-b186-4563-9d39-a36a716b2061_Front.png, 0.98994251029
03f81f39-133f-4ad9-a098-480b065c5d7e_Front.png, 0.989599470632
603cf54e-65b8-48d5-ac3f-7ddd3e8b7e4a_Front.png, 0.989542496834
34d0ca75-5bce-485a-9c22-ad82b823aab1_Front.png, 0.989297915703
36161c04-b6cb-4c39-9e3a-8cabd87c57a9_Front.png, 0.989039989352
1171a565-5773-41fe-8eb2-da825aa95d4f_Front.png, 0.98900467387
60744baa-1b94-4e7d-9aeb-a0a3d78d4a47_Front.png, 0.98892984463
2e50ee1c-d680-4335-966e-590f5da14367_Front.png, 0.988841790925
2be8d295-fe0c-4f55-9491-8075511fdb5c_Front.png, 0.988469993766
3e17d83d-c429-4267-9857-58381539c3d3_Front.png, 0.98845144357
2ff8437c-f36c-4371-9325-6334d7850328_Front.png, 0.988320697475
424ad40e-4922-4e78-aad0-838e4ca4434a_Front.png, 0.988225796408
55370a6e-c616-4b79-ba6f-6a7b07c65acb_Front.png, 0.987750273128
48e4afec-b250-4408-8f37-99b271d53847_Front.png, 0.987696578111
104c7d57-2592-44ae-91eb-e74f88b9315c_Front.png, 0.987522368289
587a738d-7fd9-4969-84d0-8937a80487de_Front.png, 0.985641233742
62561592-b3bd-415e-88c4-00ba4bff7030_Front.png, 0.985639823497
5b2977b5-27f4-4fce-a1ef-dc04a65f5b4a_Front.png, 0.985464309754
5a344663-9ad4-46b0-b83e-08e4b2d0d0ec_Front.png, 0.985333315652
584226fc-4a1d-4651-80fa-2e7b6d43b21d_Front.png, 0.985179378057
53b7e4e2-478e-4c61-bdff-5ea53c5b041d_Front.png, 0.984459639899
3c4fb4d4-53ea-42f7-84bd-a2e40ad9f10f_Front.png, 0.983920220376
3ea287db-3883-4e47-a9e8-096d9f059247_Front.png, 0.983556951185
52fea5a0-6d77-45e4-b3f6-fe8a7b0bb9ba_Front.png, 0.983433887793
583ce236-22a3-4a97-bcc7-ee3e89a8da5a_Front.png, 0.982205124585
5320316a-214e-47ac-940c-bca22be30c34_Front.png, 0.980814860657
41e6507f-971f-4373-93f6-a8b4fe480036_Front.png, 0.979934374669
57ec1c0a-6d0a-4392-801a-3462bb0d5f6b_Front.png, 0.979752240833
56cd76e1-3fda-4889-a032-750faa8d0f0a_Front.png, 0.979199165545
1d248b85-6084-49b2-9fe7-dc684cd558c1_Front.png, 0.978922039728
571ae536-d4f6-4f1f-b6b6-9db3fe4dd8db_Front.png, 0.978765759788
4f42f813-5876-4f12-97ab-f59d8b5cc24d_Front.png, 0.977483443709
52df791a-be2c-47a4-ae78-003283f46769_Front.png, 0.974736637386
10c656e7-0ca1-446e-a56d-0175b78ec011_Front.png, 0.974125921647
5f3a7e5c-a256-4ebf-a0d5-cb528424e0f6_Front.png, 0.964306801248
6083ad1e-6959-4b7b-aba0-e33fe1d020b6_Front.png, 0.950668540243
6001fa62-d739-44a4-b3e0-6c2449770837_Front.png, 0.943178874673
57b482a4-108f-4a49-9b1c-4fe4b7590787_Front.png, 0.899605023798
